Irreparable intermittent CD player,Unknown,Robbery a complete and total rip-off,
Irreparable intermittent CD player,Unknown,Robbery a complete and total rip-off,
Irreparable intermittent CD player,Unknown,Robbery a complete and total rip-off,
Irreparable intermittent CD player,Unknown,Robbery a complete and total rip-off,
Irreparable intermittent CD player,Unknown,Robbery a complete and total rip-off,
Irreparable intermittent CD player,Unknown,Robbery a complete and total rip-off,
Irreparable intermittent CD player,Unknown,Robbery a complete and total rip-off,
Irreparable intermittent CD player,Unknown,Robbery a complete and total rip-off,
Irreparable intermittent CD player,Unknown,Robbery a complete and total rip-off,
Irreparable intermittent CD player,Unknown,Robbery a complete and total rip-off,
Irreparable intermittent CD player,Unknown,Robbery a complete and total rip-off,
Irreparable intermittent CD player,Unknown,Robbery a complete and total rip-off,
Irreparable intermittent CD player,Unknown,Robbery a complete and total rip-off,
Irreparable intermittent CD player,Unknown,Robbery a complete and total rip-off,
Irreparable intermittent CD player,Unknown,Robbery a complete and total rip-off,
Irreparable intermittent CD player,Unknown,Robbery a complete and total rip-off,
Irreparable intermittent CD player,Unknown,Robbery a complete and total rip-off,
Irreparable intermittent CD player,Unknown,Robbery a complete and total rip-off,
Irreparable intermittent CD player,Unknown,Robbery a complete and total rip-off,
Irreparable intermittent CD player,Unknown,Robbery a complete and total rip-off,
Irreparable intermittent CD player,Unknown,Robbery a complete and total rip-off,
Irreparable intermittent CD player,Unknown,Robbery a complete and total rip-off,
Irreparable intermittent CD player,Unknown,Robbery a complete and total rip-off,
Irreparable intermittent CD player,Unknown,Robbery a complete and total rip-off,
Irreparable intermittent CD player,Unknown,Robbery a complete and total rip-off,
